iter	Logloss
0	0.5643935322
5	0.3267541097
